"category","horizon","shock","crisis_type","beta","se","ci_lo","ci_hi","delta","se_delta","p_delta"
"Trigger (S-pandemic)",0,"S_pandemic_Gtrends","Calm",0.0295333908242892,0.0249741936733506,-0.019416028775478,0.0784828104240564,NA,NA,NA
"Trigger (S-pandemic)",0,"S_pandemic_Gtrends","Pandemic",-0.032778211155936,0.0228831761094799,-0.0776292363305167,0.0120728140186446,-0.0623116019802253,0.0351171169024921,0.0759979995052431
"Trigger (S-pandemic)",0,"S_pandemic_Gtrends","Climate",0.0701228714534843,0.0762040379894762,-0.0792370430058891,0.219482785912858,0.0405894806291951,0.0725714614623241,0.575954529691543
"Trigger (S-pandemic)",0,"S_pandemic_Gtrends","Geopolitical",0.219849894156905,0.340194395393239,-0.446931120813843,0.886630909127653,0.190316503332616,0.338696991720889,0.574178795106638
"Trigger (S-pandemic)",1,"S_pandemic_Gtrends","Calm",0.0849571968641089,0.0335462591111542,0.0192065290062468,0.150707864721971,NA,NA,NA
"Trigger (S-pandemic)",1,"S_pandemic_Gtrends","Pandemic",-0.0693585260516431,0.0221124482934595,-0.112698924706824,-0.0260181273964624,-0.154315722915752,0.0436379113517904,0.000405809627512055
"Trigger (S-pandemic)",1,"S_pandemic_Gtrends","Climate",0.160567316157396,0.088479470261676,-0.0128524455554894,0.333987077870281,0.0756101192932867,0.0803269070318787,0.346561336605139
"Trigger (S-pandemic)",1,"S_pandemic_Gtrends","Geopolitical",0.104729895869187,0.412778875686577,-0.704316700476503,0.913776492214878,0.0197726990050784,0.413233362306849,0.96183678576132
"Trigger (S-pandemic)",2,"S_pandemic_Gtrends","Calm",0.102773971681815,0.0361245177487446,0.0319699168942761,0.173578026469355,NA,NA,NA
"Trigger (S-pandemic)",2,"S_pandemic_Gtrends","Pandemic",-0.070093823853422,0.0262100782547852,-0.121465577232801,-0.018722070474043,-0.172867795535237,0.0481078293989611,0.000326465942518219
"Trigger (S-pandemic)",2,"S_pandemic_Gtrends","Climate",0.176021784272743,0.106823278295169,-0.0333518411857892,0.385395409731275,0.0732478125909275,0.101938367648011,0.472418239052111
"Trigger (S-pandemic)",2,"S_pandemic_Gtrends","Geopolitical",0.00376861654794154,0.376709641854345,-0.734582281486574,0.742119514582457,-0.0990053551338739,0.376593711761604,0.792629972562771
"Trigger (S-pandemic)",3,"S_pandemic_Gtrends","Calm",0.0940136027917609,0.0367384943707488,0.0220061538250933,0.166021051758428,NA,NA,NA
"Trigger (S-pandemic)",3,"S_pandemic_Gtrends","Pandemic",-0.0697208802138939,0.0296797651712695,-0.127893219949582,-0.0115485404782057,-0.163734483005655,0.050233690100191,0.00111626247244173
"Trigger (S-pandemic)",3,"S_pandemic_Gtrends","Climate",0.375371690460685,0.165199799454547,0.0515800835297729,0.699163297391597,0.281358087668924,0.159693762622069,0.0780929172258246
"Trigger (S-pandemic)",3,"S_pandemic_Gtrends","Geopolitical",0.307780880326431,0.445921275003842,-0.5662248186811,1.18178657933396,0.21376727753467,0.445925354926996,0.631668987451124
"Trigger (S-pandemic)",4,"S_pandemic_Gtrends","Calm",0.174192541440692,0.0390638823460991,0.0976273320423377,0.250757750839046,NA,NA,NA
"Trigger (S-pandemic)",4,"S_pandemic_Gtrends","Pandemic",-0.0790716929724773,0.033575794540353,-0.144880250271569,-0.0132631356733854,-0.253264234413169,0.0537921018190959,0.00000249907895307623
"Trigger (S-pandemic)",4,"S_pandemic_Gtrends","Climate",0.548828991165431,0.190220555296609,0.175996702784078,0.921661279546784,0.374636449724739,0.187697593200192,0.0459385311607101
"Trigger (S-pandemic)",4,"S_pandemic_Gtrends","Geopolitical",0.568398261861145,0.352772845089106,-0.123036514513503,1.25983303823579,0.394205720420453,0.354798193906858,0.266538109278518
"Trigger (S-pandemic)",5,"S_pandemic_Gtrends","Calm",0.117857523287589,0.0363183988613768,0.046673461519291,0.189041585055888,NA,NA,NA
"Trigger (S-pandemic)",5,"S_pandemic_Gtrends","Pandemic",-0.0783707729669254,0.0307942389787749,-0.138727481365324,-0.0180140645685266,-0.196228296254515,0.047286737770174,0.000033283378992069
"Trigger (S-pandemic)",5,"S_pandemic_Gtrends","Climate",0.318871173291971,0.205226624847099,-0.0833730114083437,0.721115357992285,0.201013650004381,0.205479611239063,0.327942943307354
"Trigger (S-pandemic)",5,"S_pandemic_Gtrends","Geopolitical",0.503043127366136,0.473883784776475,-0.425769090795755,1.43185534552803,0.385185604078547,0.473855262113689,0.41628911476469
"Trigger (S-pandemic)",6,"S_pandemic_Gtrends","Calm",0.0768639373301251,0.0288623770049454,0.020293678400432,0.133434196259818,NA,NA,NA
"Trigger (S-pandemic)",6,"S_pandemic_Gtrends","Pandemic",-0.0723058870143049,0.023414855599849,-0.118199003990009,-0.0264127700386009,-0.14916982434443,0.0390652700799861,0.000134278253373558
"Trigger (S-pandemic)",6,"S_pandemic_Gtrends","Climate",0.29696478332444,0.238860764018045,-0.171202314150929,0.765131880799809,0.220100845994315,0.238556030431071,0.356195913779714
"Trigger (S-pandemic)",6,"S_pandemic_Gtrends","Geopolitical",0.394801449497092,0.494305470160006,-0.574037272016519,1.3636401710107,0.317937512166967,0.493630173053318,0.519523308774165
"Trigger (S-pandemic)",7,"S_pandemic_Gtrends","Calm",0.00321991691837556,0.0270964646566137,-0.0498891538085872,0.0563289876453384,NA,NA,NA
"Trigger (S-pandemic)",7,"S_pandemic_Gtrends","Pandemic",-0.0772146972040643,0.0222744847272482,-0.120872687269471,-0.0335567071386577,-0.0804346141224399,0.0379521400635526,0.034059238927565
"Trigger (S-pandemic)",7,"S_pandemic_Gtrends","Climate",-0.181979101730915,0.205567391377893,-0.584891188831585,0.220932985369755,-0.18519901864929,0.206033824433956,0.368718302593766
"Trigger (S-pandemic)",7,"S_pandemic_Gtrends","Geopolitical",0.291576183023619,0.430108662041023,-0.551436794576785,1.13458916062402,0.288356266105243,0.429677768778146,0.502157545275677
"Trigger (S-pandemic)",8,"S_pandemic_Gtrends","Calm",0.0863589872671998,0.0361779306467393,0.0154502431995908,0.157267731334809,NA,NA,NA
"Trigger (S-pandemic)",8,"S_pandemic_Gtrends","Pandemic",-0.0934621222391075,0.0251971527319238,-0.142848541593678,-0.0440757028845369,-0.179821109506307,0.0478607140951683,0.00017184188292196
"Trigger (S-pandemic)",8,"S_pandemic_Gtrends","Climate",-0.059290567446849,0.174399830588448,-0.401114235400208,0.28253310050651,-0.145649554714049,0.174213694824321,0.403132603110508
"Trigger (S-pandemic)",8,"S_pandemic_Gtrends","Geopolitical",0.662272275092629,0.366061887030188,-0.0552090234865409,1.3797535736718,0.575913287825429,0.364256003573872,0.113862630622654
"Trigger (S-pandemic)",9,"S_pandemic_Gtrends","Calm",0.135839214453571,0.0408726423663557,0.0557288354155141,0.215949593491629,NA,NA,NA
"Trigger (S-pandemic)",9,"S_pandemic_Gtrends","Pandemic",-0.10042733319846,0.0258050175381053,-0.151005167573146,-0.0498494988237736,-0.236266547652031,0.0522670118091741,0.00000617298836916446
"Trigger (S-pandemic)",9,"S_pandemic_Gtrends","Climate",-0.0163264607621484,0.105036703194809,-0.222198399023975,0.189545477499678,-0.15216567521572,0.104454708556868,0.145182022441195
"Trigger (S-pandemic)",9,"S_pandemic_Gtrends","Geopolitical",0.532429125061483,0.370250340912127,-0.193261543126286,1.25811979324925,0.396589910607912,0.367240697868824,0.280178611296082
"Trigger (S-pandemic)",10,"S_pandemic_Gtrends","Calm",0.122233930318217,0.0383269037014451,0.0471131990633851,0.19735466157305,NA,NA,NA
"Trigger (S-pandemic)",10,"S_pandemic_Gtrends","Pandemic",-0.0935244389494867,0.0249937894165108,-0.142512266205848,-0.0445366116931254,-0.215758369267704,0.0483576791098728,0.00000813048470948576
"Trigger (S-pandemic)",10,"S_pandemic_Gtrends","Climate",0.169518221812209,0.116234696725712,-0.0583017837701867,0.397338227394604,0.0472842914939912,0.112601782819754,0.674540322830969
"Trigger (S-pandemic)",10,"S_pandemic_Gtrends","Geopolitical",0.517253764715265,0.362984333862624,-0.194195529655477,1.22870305908601,0.395019834397048,0.360996428441782,0.273845964112842
"Trigger (S-pandemic)",11,"S_pandemic_Gtrends","Calm",0.130068201198548,0.0393493163205839,0.0529435412102038,0.207192861186893,NA,NA,NA
"Trigger (S-pandemic)",11,"S_pandemic_Gtrends","Pandemic",-0.102512308309396,0.0250499950144145,-0.151610298537648,-0.0534143180811434,-0.232580509507944,0.0494445741807565,0.00000255284419158606
"Trigger (S-pandemic)",11,"S_pandemic_Gtrends","Climate",0.243813468408607,0.127764603785363,-0.0066051550107043,0.494232091827918,0.113745267210059,0.124173291401766,0.35965619889395
"Trigger (S-pandemic)",11,"S_pandemic_Gtrends","Geopolitical",0.484352641906848,0.356673066764268,-0.214726568951118,1.18343185276481,0.354284440708299,0.356102572220618,0.3197876462082
"Trigger (S-pandemic)",12,"S_pandemic_Gtrends","Calm",0.129396340621262,0.0354024597057988,0.060007519597896,0.198785161644627,NA,NA,NA
"Trigger (S-pandemic)",12,"S_pandemic_Gtrends","Pandemic",-0.0875768019480626,0.0248862361847513,-0.136353824870175,-0.03879977902595,-0.216973142569324,0.0455592057538032,0.00000191262773251606
"Trigger (S-pandemic)",12,"S_pandemic_Gtrends","Climate",0.160165670333082,0.139481247076761,-0.113217573937369,0.433548914603533,0.0307693297118206,0.137383975877273,0.822783814959806
"Trigger (S-pandemic)",12,"S_pandemic_Gtrends","Geopolitical",0.575596602689079,0.204012746053702,0.175731620423823,0.975461584954334,0.446200262067817,0.203220120431744,0.0281170028800687
"Trigger (S-pandemic)",13,"S_pandemic_Gtrends","Calm",0.0641375711017629,0.0285862689677943,0.008108483924886,0.12016665827864,NA,NA,NA
"Trigger (S-pandemic)",13,"S_pandemic_Gtrends","Pandemic",-0.0465571877606161,0.0235956390654164,-0.0928046403288323,-0.000309735192399949,-0.110694758862379,0.0385216163528918,0.00405854530203714
"Trigger (S-pandemic)",13,"S_pandemic_Gtrends","Climate",-0.0114434334894212,0.148190715010328,-0.301897234909665,0.279010367930823,-0.0755810045911841,0.148186954876012,0.610024714587943
"Trigger (S-pandemic)",13,"S_pandemic_Gtrends","Geopolitical",0.531070035171966,0.2324880628064,0.0753934320714221,0.98674663827251,0.466932464070203,0.231988073061009,0.0441416305660068
"Trigger (S-pandemic)",14,"S_pandemic_Gtrends","Calm",0.0400810288530474,0.0290914653954771,-0.0169382433220878,0.0971003010281826,NA,NA,NA
"Trigger (S-pandemic)",14,"S_pandemic_Gtrends","Pandemic",-0.0469091996704033,0.0233399118372016,-0.0926554268713184,-0.00116297246948815,-0.0869902285234507,0.0391341359805596,0.0262243402704812
"Trigger (S-pandemic)",14,"S_pandemic_Gtrends","Climate",-0.0980067581169781,0.150597961422977,-0.393178762506012,0.197165246272056,-0.138087786970025,0.149747780505852,0.356457753712748
"Trigger (S-pandemic)",14,"S_pandemic_Gtrends","Geopolitical",0.260223440809022,0.222423836133457,-0.175727278012553,0.696174159630597,0.220142411955975,0.22222095630328,0.32185822481321
"Trigger (S-climate)",0,"S_wind_gust_max","Calm",0.0153047157053761,0.0138287531790216,-0.0117996405255062,0.0424090719362584,NA,NA,NA
"Trigger (S-climate)",0,"S_wind_gust_max","Pandemic",-0.0029752833772754,0.0135279313653299,-0.0294900288533219,0.0235394620987711,-0.0182799990826514,0.00494600969787865,0.000219101913017662
"Trigger (S-climate)",0,"S_wind_gust_max","Climate",0.020139267644268,0.0437420690205361,-0.0655951876359827,0.105873722924519,0.00483455193889198,0.038345687566506,0.899670092319726
"Trigger (S-climate)",0,"S_wind_gust_max","Geopolitical",0.113835972895243,0.0276930227467058,0.0595576483116996,0.168114297478786,0.0985312571898669,0.0249795212171114,0.0000799728553617021
"Trigger (S-climate)",1,"S_wind_gust_max","Calm",0.0153957781669622,0.0186829385182682,-0.0212227813288435,0.052014337662768,NA,NA,NA
"Trigger (S-climate)",1,"S_wind_gust_max","Pandemic",-0.0175077662611718,0.0240832957519275,-0.0647110259349498,0.0296954934126062,-0.032903544428134,0.0156235062312238,0.0352019043952582
"Trigger (S-climate)",1,"S_wind_gust_max","Climate",0.083094588204507,0.0404287476315536,0.00385424284666193,0.162334933562352,0.0676988100375448,0.0354587208041545,0.056232585978761
"Trigger (S-climate)",1,"S_wind_gust_max","Geopolitical",0.0728074212307634,0.0439999028215351,-0.0134323882994454,0.159047230760972,0.0574116430638012,0.0407044403530104,0.158406377964486
"Trigger (S-climate)",2,"S_wind_gust_max","Calm",0.00629342407806493,0.0187393255474735,-0.0304356539949831,0.0430225021511129,NA,NA,NA
"Trigger (S-climate)",2,"S_wind_gust_max","Pandemic",-0.0304199422636862,0.0240910747523994,-0.077638448778389,0.0167985642510167,-0.0367133663417511,0.0171896673268613,0.0326972615423384
"Trigger (S-climate)",2,"S_wind_gust_max","Climate",0.11699770482331,0.0412268334547826,0.0361931112519357,0.197802298394683,0.110704280745245,0.0377182215501908,0.0033351062667325
"Trigger (S-climate)",2,"S_wind_gust_max","Geopolitical",0.12044851464345,0.0897585853211979,-0.0554783125860978,0.296375341872998,0.114155090565385,0.0910409182425247,0.209882814446146
"Trigger (S-climate)",3,"S_wind_gust_max","Calm",0.00700022364687563,0.0180480276988513,-0.028373910642873,0.0423743579366243,NA,NA,NA
"Trigger (S-climate)",3,"S_wind_gust_max","Pandemic",-0.0344734330809936,0.0273949660502513,-0.0881675665394862,0.0192207003774989,-0.0414736567278693,0.0187691852937003,0.0271282543613593
"Trigger (S-climate)",3,"S_wind_gust_max","Climate",0.0553875127892499,0.038472757130508,-0.0200190911865458,0.130794116765046,0.0483872891423743,0.0302071853897687,0.109189448024345
"Trigger (S-climate)",3,"S_wind_gust_max","Geopolitical",0.114748031137597,0.111966990067368,-0.104707269394445,0.334203331669639,0.107747807490722,0.116792794171874,0.356239016124381
"Trigger (S-climate)",4,"S_wind_gust_max","Calm",0.0181399233880156,0.019680983101461,-0.020434803490848,0.0567146502668792,NA,NA,NA
"Trigger (S-climate)",4,"S_wind_gust_max","Pandemic",-0.0282150227250323,0.0290329226303821,-0.0851195510805811,0.0286895056305166,-0.0463549461130479,0.0194267164286599,0.0170260750602753
"Trigger (S-climate)",4,"S_wind_gust_max","Climate",-0.0869363110809302,0.128843937452094,-0.339470428487034,0.165597806325174,-0.105076234468946,0.11813233584031,0.37374569293309
"Trigger (S-climate)",4,"S_wind_gust_max","Geopolitical",0.0928032535959891,0.0888930676341807,-0.081427158967005,0.267033666158983,0.0746633302079735,0.0940954262455923,0.427495175779755
"Trigger (S-climate)",5,"S_wind_gust_max","Calm",0.0158427331948405,0.0193462346233698,-0.0220758866669642,0.0537613530566452,NA,NA,NA
"Trigger (S-climate)",5,"S_wind_gust_max","Pandemic",-0.0257321706537351,0.0264060134965165,-0.0774879571069075,0.0260236157994373,-0.0415749038485756,0.0193578160409742,0.0317370930078059
"Trigger (S-climate)",5,"S_wind_gust_max","Climate",0.0430298384377129,0.0306331387252597,-0.0170111134637961,0.103070790339222,0.0271871052428725,0.0171793276698583,0.113524595367604
"Trigger (S-climate)",5,"S_wind_gust_max","Geopolitical",-0.00189143002363488,0.104051612525819,-0.205832590574239,0.20204973052697,-0.0177341632184754,0.100826311711323,0.860381738939085
"Trigger (S-climate)",6,"S_wind_gust_max","Calm",0.000729801475056939,0.0148942332169394,-0.0284628956301444,0.0299224985802582,NA,NA,NA
"Trigger (S-climate)",6,"S_wind_gust_max","Pandemic",-0.0330899703297609,0.0207931165799017,-0.0738444788263683,0.00766453816684652,-0.0338197718048178,0.0141469008762304,0.016820250628298
"Trigger (S-climate)",6,"S_wind_gust_max","Climate",-0.0419392754051771,0.0152500537166614,-0.0718293806898334,-0.0120491701205209,-0.0426690768802341,0.00398058015018561,0.00000000000000000000000000826163970391405
"Trigger (S-climate)",6,"S_wind_gust_max","Geopolitical",0.0317447325340117,0.107685815733372,-0.179319466303398,0.242808931371421,0.0310149310589548,0.107058182588795,0.772044501657416
"Trigger (S-climate)",7,"S_wind_gust_max","Calm",0.0227318832935137,0.0132771879810166,-0.00329140514927888,0.0487551717363063,NA,NA,NA
"Trigger (S-climate)",7,"S_wind_gust_max","Pandemic",-0.0126225800743114,0.0195735357759518,-0.0509867101951769,0.0257415500465542,-0.0353544633678251,0.0145293799169698,0.0149615481358451
"Trigger (S-climate)",7,"S_wind_gust_max","Climate",-0.0286486119697797,0.0228723386464951,-0.07347839571691,0.0161811717773507,-0.0513804952632934,0.0211031900525009,0.0149030509557017
"Trigger (S-climate)",7,"S_wind_gust_max","Geopolitical",0.0725992581275116,0.0989006786287462,-0.121246071984831,0.266444588239854,0.0498673748339979,0.0987549774434967,0.613586493942722
"Trigger (S-climate)",8,"S_wind_gust_max","Calm",0.0183953993615443,0.0199334651155335,-0.0206741922649013,0.0574649909879899,NA,NA,NA
"Trigger (S-climate)",8,"S_wind_gust_max","Pandemic",-0.021345883237001,0.024974613711799,-0.070296126112127,0.0276043596381251,-0.0397412825985453,0.0161369190105671,0.0137873982114776
"Trigger (S-climate)",8,"S_wind_gust_max","Climate",0.0672400620032341,0.026914205967192,0.0144882183075378,0.11999190569893,0.0488446626416898,0.0267235229963078,0.0675829031008519
"Trigger (S-climate)",8,"S_wind_gust_max","Geopolitical",0.0366324847931869,0.0905075140401967,-0.140762242725599,0.214027212311973,0.0182370854316426,0.0930057589981804,0.844543205928563
"Trigger (S-climate)",9,"S_wind_gust_max","Calm",0.0147261507190694,0.022665739156852,-0.0296986980283606,0.0591509994664993,NA,NA,NA
"Trigger (S-climate)",9,"S_wind_gust_max","Pandemic",-0.0190486642533758,0.0261075521202441,-0.0702194664090541,0.0321221379023026,-0.0337748149724451,0.0176840389112189,0.0561455872002798
"Trigger (S-climate)",9,"S_wind_gust_max","Climate",0.118148805821773,0.0267488468920896,0.0657210659132773,0.170576545730268,0.103422655102703,0.029715551372492,0.000500624799210563
"Trigger (S-climate)",9,"S_wind_gust_max","Geopolitical",-0.0459725267381208,0.0831788189055662,-0.20900301179303,0.117057958316789,-0.0606986774571902,0.0779604887298744,0.436225651462186
"Trigger (S-climate)",10,"S_wind_gust_max","Calm",-0.00422609612648615,0.0228761445252714,-0.0490633393960181,0.0406111471430458,NA,NA,NA
"Trigger (S-climate)",10,"S_wind_gust_max","Pandemic",-0.0442526384964143,0.0278620608406631,-0.098862277744114,0.0103570007512855,-0.0400265423699281,0.0189783921371187,0.0349395182417839
"Trigger (S-climate)",10,"S_wind_gust_max","Climate",0.0917687145443715,0.0330821246163348,0.0269277502963552,0.156609678792388,0.0959948106708577,0.0248910035592541,0.000114971932793817
"Trigger (S-climate)",10,"S_wind_gust_max","Geopolitical",0.0236099186525094,0.097852564442403,-0.1681811076546,0.215400944959619,0.0278360147789955,0.10070735553504,0.782237030753369
"Trigger (S-climate)",11,"S_wind_gust_max","Calm",-0.00109990984279209,0.0226668493192758,-0.0455269345085727,0.0433271148229885,NA,NA,NA
"Trigger (S-climate)",11,"S_wind_gust_max","Pandemic",-0.0535320651790026,0.0357654540765028,-0.123632355168948,0.0165682248109428,-0.0524321553362105,0.0229396804855814,0.022274552065297
"Trigger (S-climate)",11,"S_wind_gust_max","Climate",0.056332905955982,0.0879757118560222,-0.116099489281821,0.228765301193785,0.0574328157987741,0.0774972539185427,0.458635931752568
"Trigger (S-climate)",11,"S_wind_gust_max","Geopolitical",0.145197593496499,0.147224371019461,-0.143362173701644,0.433757360694643,0.146297503339291,0.158866322534165,0.357110832584836
"Trigger (S-climate)",12,"S_wind_gust_max","Calm",-0.00955425322416566,0.0242466188628655,-0.057077626195382,0.0379691197470506,NA,NA,NA
"Trigger (S-climate)",12,"S_wind_gust_max","Pandemic",-0.0603622336104567,0.0344022864533685,-0.127790715059059,0.00706624783814552,-0.0508079803862911,0.0206097969861285,0.0136923647864409
"Trigger (S-climate)",12,"S_wind_gust_max","Climate",0.114632414058977,0.0461705350826516,0.0241381652969802,0.205126662820975,0.124186667283143,0.032218854470102,0.00011597973100568
"Trigger (S-climate)",12,"S_wind_gust_max","Geopolitical",0.0490459407781962,0.0540224847377871,-0.0568381293078665,0.154930010864259,0.0586001940023619,0.0659375329346858,0.374152032846966
"Trigger (S-climate)",13,"S_wind_gust_max","Calm",-0.0209414219010131,0.0163250124504514,-0.0529384463038978,0.0110556025018716,NA,NA,NA
"Trigger (S-climate)",13,"S_wind_gust_max","Pandemic",-0.0611378618316071,0.0194832449789167,-0.099325021990284,-0.0229507016729303,-0.040196439930594,0.0135491459963215,0.00301000893755158
"Trigger (S-climate)",13,"S_wind_gust_max","Climate",0.0473058312323323,0.0176404479968012,0.012730553158602,0.0818811093060626,0.0682472531333454,0.0153833830843598,0.0000091464413500189
"Trigger (S-climate)",13,"S_wind_gust_max","Geopolitical",-0.0291741415428845,0.0613485782893668,-0.149417354990043,0.0910690719042743,-0.00823271964187145,0.0582368264651543,0.887580643931383
"Trigger (S-climate)",14,"S_wind_gust_max","Calm",-0.000416870537450302,0.0157672314708415,-0.0313206442202997,0.0304869031453991,NA,NA,NA
"Trigger (S-climate)",14,"S_wind_gust_max","Pandemic",-0.0358223123055469,0.0169862406115883,-0.06911534390426,-0.00252928070683378,-0.0354054417680966,0.0107115376845539,0.000948559459332273
"Trigger (S-climate)",14,"S_wind_gust_max","Climate",0.0149210701987553,0.0252359404806784,-0.0345413731433743,0.0643835135408849,0.0153379407362056,0.0142964185126671,0.28333753971976
"Trigger (S-climate)",14,"S_wind_gust_max","Geopolitical",-0.00738031425258213,0.0656711680088315,-0.136095803549892,0.121335175044728,-0.00696344371513183,0.064401523616784,0.913896180401218
"Anticipation (O-news)",0,"O_news_count","Calm",0.0617518326822108,0.0591579855824526,-0.0541978190593962,0.177701484423818,NA,NA,NA
"Anticipation (O-news)",0,"O_news_count","Pandemic",0.00986432352369337,0.0385888028118226,-0.065769729987479,0.0854983770348657,-0.0518875091585175,0.0702539365279433,0.460167634303107
"Anticipation (O-news)",0,"O_news_count","Geopolitical",-0.00199921288991714,0.0133785122461022,-0.0282210968922775,0.0242226711124432,-0.063751045572128,0.060443201797931,0.291550436718981
"Anticipation (O-news)",1,"O_news_count","Calm",-0.0240175622143875,0.0387415518254525,-0.0999510037922745,0.0519158793634995,NA,NA,NA
"Anticipation (O-news)",1,"O_news_count","Pandemic",-0.0310535194644591,0.0256506016777437,-0.0813286987528368,0.0192216598239186,-0.00703595725007161,0.0476642014385628,0.882646514595056
"Anticipation (O-news)",1,"O_news_count","Geopolitical",-0.0535110056454546,0.0185943346066101,-0.0899559014744104,-0.0170661098164988,-0.0294934434310671,0.0429346708378507,0.492121997329294
"Anticipation (O-news)",2,"O_news_count","Calm",-0.0204046444916322,0.0406631356546053,-0.100104390374659,0.0592951013913941,NA,NA,NA
"Anticipation (O-news)",2,"O_news_count","Pandemic",-0.0744145783422089,0.017533854061812,-0.10878093230336,-0.0400482243810574,-0.0540099338505766,0.0448460315509899,0.22845763908681
"Anticipation (O-news)",2,"O_news_count","Geopolitical",-0.0205609652434325,0.0150080227378659,-0.0499766898096496,0.00885475932278467,-0.000156320751800276,0.0426849761884637,0.997077996833193
"Anticipation (O-news)",3,"O_news_count","Calm",-0.0137403967558859,0.0355142034628538,-0.0833482355430793,0.0558674420313075,NA,NA,NA
"Anticipation (O-news)",3,"O_news_count","Pandemic",-0.0809652317021209,0.0144564893112671,-0.109299950752204,-0.0526305126520373,-0.067224834946235,0.0377616996273394,0.0750369222116442
"Anticipation (O-news)",3,"O_news_count","Geopolitical",0.0166498007325265,0.0173888138497593,-0.0174322744130017,0.0507318758780547,0.0303901974884124,0.0403096509304544,0.450898072980211
"Anticipation (O-news)",4,"O_news_count","Calm",-0.00545735095296596,0.0308514083151002,-0.0659261112505623,0.0550114093446304,NA,NA,NA
"Anticipation (O-news)",4,"O_news_count","Pandemic",-0.0668204775336902,0.0149458385835287,-0.0961143211574065,-0.0375266339099739,-0.0613631265807243,0.0322311007109598,0.0569299428381631
"Anticipation (O-news)",4,"O_news_count","Geopolitical",-0.0212348436307205,0.014523928008944,-0.0497017425282507,0.00723205526680977,-0.0157774926777545,0.0329633414558744,0.63219650700324
"Anticipation (O-news)",5,"O_news_count","Calm",0.00123308295584496,0.0215417381635885,-0.0409887238447884,0.0434548897564783,NA,NA,NA
"Anticipation (O-news)",5,"O_news_count","Pandemic",-0.0657000411205366,0.014964163690813,-0.09502980195453,-0.0363702802865432,-0.0669331240763815,0.0237290313621867,0.0047914930842914
"Anticipation (O-news)",5,"O_news_count","Geopolitical",-0.062085327368867,0.023123576618227,-0.107407537540592,-0.0167631171971421,-0.063318410324712,0.0314695322537515,0.0442142045183342
"Anticipation (O-news)",6,"O_news_count","Calm",0.0135720087180582,0.0280029262557276,-0.0413137267431679,0.0684577441792843,NA,NA,NA
"Anticipation (O-news)",6,"O_news_count","Pandemic",-0.0783905893384618,0.020326813898879,-0.118231144580265,-0.0385500340966588,-0.09196259805652,0.0335168711397528,0.00607380077282537
"Anticipation (O-news)",6,"O_news_count","Geopolitical",-0.0456968656941778,0.0372321083037541,-0.118671797969536,0.0272780665811803,-0.059268874412236,0.0471059158370984,0.208317814646483
"Anticipation (O-news)",7,"O_news_count","Calm",0.01636403284687,0.0187323362693526,-0.0203513462410612,0.0530794119348012,NA,NA,NA
"Anticipation (O-news)",7,"O_news_count","Pandemic",-0.0560247236637497,0.0159144673900299,-0.0872170797482084,-0.024832367579291,-0.0723887565106197,0.0246243582610895,0.00328507326337973
"Anticipation (O-news)",7,"O_news_count","Geopolitical",0.0425872776559802,0.0205342779432039,0.00234009288730053,0.0828344624246598,0.0262232448091102,0.0279543034508214,0.348205655224782
"Anticipation (O-news)",8,"O_news_count","Calm",0.00107875857838283,0.0288520114312957,-0.0554711838269567,0.0576287009837223,NA,NA,NA
"Anticipation (O-news)",8,"O_news_count","Pandemic",-0.0668683772193336,0.0174011127587149,-0.100974558226415,-0.0327621962122524,-0.0679471357977164,0.0353953865777072,0.0549007599026828
"Anticipation (O-news)",8,"O_news_count","Geopolitical",0.00505356338573767,0.0137771738561435,-0.0219496973723035,0.0320568241437788,0.00397480480735485,0.0313889581436409,0.899232721014566
"Anticipation (O-news)",9,"O_news_count","Calm",-0.0144107211385666,0.0408680206911232,-0.0945120416931681,0.065690599416035,NA,NA,NA
"Anticipation (O-news)",9,"O_news_count","Pandemic",-0.0700454064662024,0.0184063178039825,-0.106121789362008,-0.0339690235703967,-0.0556346853276359,0.0457681407676788,0.224146216052555
"Anticipation (O-news)",9,"O_news_count","Geopolitical",-0.0324639088700885,0.0126949558684075,-0.0573460223721672,-0.00758179536800982,-0.0180531877315219,0.0409036583739876,0.658953296635235
"Anticipation (O-news)",10,"O_news_count","Calm",-0.00213651680171478,0.0390138790071838,-0.0786037196557951,0.0743306860523655,NA,NA,NA
"Anticipation (O-news)",10,"O_news_count","Pandemic",-0.086915622504506,0.0126131837853853,-0.111637462723861,-0.0621937822851507,-0.0847791057027912,0.03994301865759,0.0337956706231004
"Anticipation (O-news)",10,"O_news_count","Geopolitical",-0.0327969810097696,0.0124218651576493,-0.0571438367187621,-0.00845012530077701,-0.0306604642080548,0.0417729564970939,0.46296166289858
"Anticipation (O-news)",11,"O_news_count","Calm",0.0122892775046834,0.0254353142393626,-0.0375639384044673,0.0621424934138342,NA,NA,NA
"Anticipation (O-news)",11,"O_news_count","Pandemic",-0.0773124197480189,0.0132584470166301,-0.103298975900614,-0.0513258635954239,-0.0896016972527023,0.025944877181838,0.000553278179754243
"Anticipation (O-news)",11,"O_news_count","Geopolitical",-0.0278157585021644,0.0108711675607544,-0.049123246921243,-0.00650827008308588,-0.0401050360068478,0.0266435208327624,0.132261008162831
"Anticipation (O-news)",12,"O_news_count","Calm",-0.0236465579515963,0.026509496911954,-0.0756051718990262,0.0283120559958336,NA,NA,NA
"Anticipation (O-news)",12,"O_news_count","Pandemic",-0.0551252101904952,0.0142889415287418,-0.0831315355868292,-0.0271188847941613,-0.031478652238899,0.028346704675392,0.266789147887887
"Anticipation (O-news)",12,"O_news_count","Geopolitical",-0.0234274287248041,0.00808105510521871,-0.0392662967310328,-0.0075885607185754,0.000219129226792181,0.0275416294305998,0.993651864981296
"Anticipation (O-news)",13,"O_news_count","Calm",-0.0129196131384319,0.0277506461877856,-0.0673108796664916,0.0414716533896279,NA,NA,NA
"Anticipation (O-news)",13,"O_news_count","Pandemic",-0.0356408163882293,0.0130523083624372,-0.0612233407786063,-0.0100582919978523,-0.0227212032497974,0.030041755347219,0.44945690390628
"Anticipation (O-news)",13,"O_news_count","Geopolitical",-0.0128232814576271,0.00824319035159856,-0.0289799345467602,0.0033333716315061,0.0000963316808048065,0.0295160767521579,0.997395947129957
"Anticipation (O-news)",14,"O_news_count","Calm",-0.00527741877672576,0.0165229309875502,-0.0376623635123241,0.0271075259588726,NA,NA,NA
"Anticipation (O-news)",14,"O_news_count","Pandemic",-0.0120664655546964,0.0168107612964224,-0.0450155576956844,0.0208826265862915,-0.00678904677797067,0.0237272411204821,0.774779482146026
"Anticipation (O-news)",14,"O_news_count","Geopolitical",0.0132901147481832,0.0121711018038545,-0.0105652447873716,0.037145474283738,0.0185675335249089,0.0207683586728849,0.371305896247335
"Realization (price)",0,"O_basicfoodbasket_Gtrends","Calm",-0.00488451378254888,0.00815212658272402,-0.0208626818846879,0.0110936543195902,NA,NA,NA
"Realization (price)",0,"O_basicfoodbasket_Gtrends","Pandemic",-0.020485661718672,0.0129109177612528,-0.0457910605307275,0.00481973709338348,-0.0156011479361231,0.0156151634017138,0.317745066788667
"Realization (price)",0,"O_basicfoodbasket_Gtrends","Climate",0.0466208878107132,0.103615080868111,-0.156464670690785,0.249706446312212,0.051505401593262,0.103337471221655,0.618188457685726
"Realization (price)",0,"O_basicfoodbasket_Gtrends","Geopolitical",-0.0413520234169624,0.0684663681074611,-0.175546104907586,0.0928420580736613,-0.0364675096344135,0.0683385715772678,0.593597571598984
"Realization (price)",1,"O_basicfoodbasket_Gtrends","Calm",0.0121535398271898,0.016650875421933,-0.0204821759997989,0.0447892556541785,NA,NA,NA
"Realization (price)",1,"O_basicfoodbasket_Gtrends","Pandemic",-0.024098067077118,0.0143246940363512,-0.0521744673883663,0.00397833323413026,-0.0362516069043078,0.0210812570746001,0.0855027840612307
"Realization (price)",1,"O_basicfoodbasket_Gtrends","Climate",0.090315149437335,0.0958769021568939,-0.0976035787901771,0.278233877664847,0.0781616096101452,0.0927334237497362,0.399304840341189
"Realization (price)",1,"O_basicfoodbasket_Gtrends","Geopolitical",-0.11354425878667,0.0979856299399726,-0.305596093469016,0.0785075758956767,-0.125697798613859,0.101103633428495,0.213773149211639
"Realization (price)",2,"O_basicfoodbasket_Gtrends","Calm",0.0284338471917873,0.0186234330591763,-0.00806808160419827,0.0649357759877729,NA,NA,NA
"Realization (price)",2,"O_basicfoodbasket_Gtrends","Pandemic",-0.0108378874731029,0.0119657181765622,-0.0342906950991647,0.0126149201529589,-0.0392717346648902,0.0232292563677368,0.0909103133978781
"Realization (price)",2,"O_basicfoodbasket_Gtrends","Climate",0.0663539876378158,0.107544054848365,-0.14443235986498,0.277140335140612,0.0379201404460285,0.104946875863256,0.717855007611497
"Realization (price)",2,"O_basicfoodbasket_Gtrends","Geopolitical",-0.037881412756498,0.0930746548653863,-0.220307736292655,0.144544910779659,-0.0663152599482854,0.0978402679343611,0.497904173521737
"Realization (price)",3,"O_basicfoodbasket_Gtrends","Calm",0.0202979428682004,0.0143407865438309,-0.00780999875770819,0.048405884494109,NA,NA,NA
"Realization (price)",3,"O_basicfoodbasket_Gtrends","Pandemic",0.00551809982995766,0.0150583681130965,-0.0239963016717116,0.0350325013316269,-0.0147798430382428,0.0188290319867302,0.432483059749896
"Realization (price)",3,"O_basicfoodbasket_Gtrends","Climate",-0.124516487736774,0.141081012147539,-0.401035271545951,0.152002296072403,-0.144814430604975,0.141019585342547,0.304462817624395
"Realization (price)",3,"O_basicfoodbasket_Gtrends","Geopolitical",0.396772244748135,0.0958395730820357,0.208926681507345,0.584617807988925,0.376474301879935,0.0931297736784656,0.0000528911161143785
"Realization (price)",4,"O_basicfoodbasket_Gtrends","Calm",0.0165895810603393,0.0137283104293273,-0.0103179073811423,0.0434970695018209,NA,NA,NA
"Realization (price)",4,"O_basicfoodbasket_Gtrends","Pandemic",-0.00954646362498499,0.0107802335210363,-0.0306757213262162,0.0115827940762463,-0.0261360446853243,0.016974283458783,0.123622859319892
"Realization (price)",4,"O_basicfoodbasket_Gtrends","Climate",-0.000764207516416798,0.10767936689736,-0.211815766635243,0.21028735160241,-0.0173537885767561,0.106926933789604,0.871072949080964
"Realization (price)",4,"O_basicfoodbasket_Gtrends","Geopolitical",0.235669808441909,0.0895894159453891,0.0600745531889465,0.411265063694872,0.21908022738157,0.0865079328353602,0.0113256524262747
"Realization (price)",5,"O_basicfoodbasket_Gtrends","Calm",0.0236815662054936,0.0115900742908219,0.000965020595482594,0.0463981118155045,NA,NA,NA
"Realization (price)",5,"O_basicfoodbasket_Gtrends","Pandemic",0.00818824576128971,0.0132415787043467,-0.0177652484992298,0.0341417400218092,-0.0154933204442038,0.0174815770949479,0.375474420417841
"Realization (price)",5,"O_basicfoodbasket_Gtrends","Climate",-0.0482400335210467,0.120400054959857,-0.284224141242365,0.187744074200272,-0.0719215997265403,0.12034549969796,0.550089511081753
"Realization (price)",5,"O_basicfoodbasket_Gtrends","Geopolitical",0.226351046691835,0.0991242921346892,0.0320674341078437,0.420634659275825,0.202669480486341,0.0980699612271841,0.0387736892685355
"Realization (price)",6,"O_basicfoodbasket_Gtrends","Calm",0.0122517808508303,0.00865196324418979,-0.00470606710778172,0.0292096288094423,NA,NA,NA
"Realization (price)",6,"O_basicfoodbasket_Gtrends","Pandemic",0.0179098042963728,0.0142423316667259,-0.0100051657704099,0.0458247743631555,0.00565802344554255,0.0165780939648694,0.732881381492792
"Realization (price)",6,"O_basicfoodbasket_Gtrends","Climate",0.149768883564445,0.12300307829249,-0.0913171498888345,0.390854917017725,0.137517102713615,0.124767504904518,0.270380449426756
"Realization (price)",6,"O_basicfoodbasket_Gtrends","Geopolitical",0.244399125871531,0.0962126290725194,0.0558223728893928,0.432975878853669,0.232147345020701,0.0959259835885981,0.0155176309076236
"Realization (price)",7,"O_basicfoodbasket_Gtrends","Calm",0.00833969833770981,0.0099614334060969,-0.0111847111382401,0.0278641078136597,NA,NA,NA
"Realization (price)",7,"O_basicfoodbasket_Gtrends","Pandemic",-0.00799663839023069,0.0119946870450463,-0.0315062249985214,0.01551294821806,-0.0163363367279405,0.0156855246672476,0.297647611030741
"Realization (price)",7,"O_basicfoodbasket_Gtrends","Climate",0.00011183262503095,0.125178187519924,-0.24523741491402,0.245461080164082,-0.00822786571267886,0.126058050208465,0.947958669330504
"Realization (price)",7,"O_basicfoodbasket_Gtrends","Geopolitical",0.195397828727634,0.089902684227204,0.0191885676423145,0.371607089812954,0.187058130389925,0.0906327753822214,0.0390260004115472
"Realization (price)",8,"O_basicfoodbasket_Gtrends","Calm",0.0149701374635247,0.0126463807143359,-0.0098167687365736,0.039757043663623,NA,NA,NA
"Realization (price)",8,"O_basicfoodbasket_Gtrends","Pandemic",-0.0142531440716871,0.014478496427732,-0.0426309970700418,0.0141247089266675,-0.0292232815352119,0.0193279146324478,0.130540777906414
"Realization (price)",8,"O_basicfoodbasket_Gtrends","Climate",0.126876076432787,0.0870731679945057,-0.0437873328364443,0.297539485702018,0.111905938969262,0.0859888401388937,0.193121325339269
"Realization (price)",8,"O_basicfoodbasket_Gtrends","Geopolitical",0.137058210281993,0.0921173896045088,-0.0434918733428444,0.31760829390683,0.122088072818468,0.091948594715936,0.184248755592732
"Realization (price)",9,"O_basicfoodbasket_Gtrends","Calm",0.0265791015770426,0.0139923623210438,-0.000845928572203267,0.0540041317262885,NA,NA,NA
"Realization (price)",9,"O_basicfoodbasket_Gtrends","Pandemic",0.0182983070445005,0.0149510508207574,-0.011005752564184,0.047602366653185,-0.00828079453254212,0.0195954319728276,0.672595878650087
"Realization (price)",9,"O_basicfoodbasket_Gtrends","Climate",-0.112697518658184,0.094044716326176,-0.297025162657489,0.0716301253411212,-0.139276620235226,0.0946185593219382,0.141026297631705
"Realization (price)",9,"O_basicfoodbasket_Gtrends","Geopolitical",0.0719460361560603,0.095589904256107,-0.11541017618591,0.25930224849803,0.0453669345790176,0.094062728760874,0.629589218989005
"Realization (price)",10,"O_basicfoodbasket_Gtrends","Calm",0.0292082588452966,0.0147162576110217,0.00036439392769411,0.0580521237628992,NA,NA,NA
"Realization (price)",10,"O_basicfoodbasket_Gtrends","Pandemic",0.0165911070409559,0.0182436623861825,-0.0191664712359618,0.0523486853178737,-0.0126171518043407,0.0230042153401229,0.583368333270406
"Realization (price)",10,"O_basicfoodbasket_Gtrends","Climate",-0.085722943526953,0.0857626176305173,-0.253817674082767,0.0823717870288609,-0.11493120237225,0.0862528757493471,0.182698814277958
"Realization (price)",10,"O_basicfoodbasket_Gtrends","Geopolitical",0.14889859116737,0.0937966358850261,-0.0349428151672807,0.332739997502022,0.119690332322074,0.0909075580086412,0.187967421118289
"Realization (price)",11,"O_basicfoodbasket_Gtrends","Calm",0.0268243221305405,0.0138586644160466,-0.000338660124910829,0.0539873043859918,NA,NA,NA
"Realization (price)",11,"O_basicfoodbasket_Gtrends","Pandemic",0.01502323736375,0.0182927865826955,-0.0208306243383331,0.0508770990658331,-0.0118010847667905,0.0219635779902443,0.591058697597614
"Realization (price)",11,"O_basicfoodbasket_Gtrends","Climate",-0.0194259847703573,0.0706987639102103,-0.15799556203437,0.119143592493655,-0.0462503069008978,0.0700870597587867,0.509319321273821
"Realization (price)",11,"O_basicfoodbasket_Gtrends","Geopolitical",0.324460265020337,0.0751378228425855,0.177190132248869,0.471730397791804,0.297635942889796,0.0720787938916502,0.0000363847867896353
"Realization (price)",12,"O_basicfoodbasket_Gtrends","Calm",0.0283521028097579,0.0135246460370935,0.0018437965770547,0.0548604090424611,NA,NA,NA
"Realization (price)",12,"O_basicfoodbasket_Gtrends","Pandemic",0.0244919686850927,0.0243862447209061,-0.0233050709678833,0.0722890083380686,-0.00386013412466524,0.0269890829325906,0.886269836026577
"Realization (price)",12,"O_basicfoodbasket_Gtrends","Climate",-0.00290506133244594,0.0775749649075503,-0.154951992551245,0.149141869886353,-0.0312571641422038,0.0767336772851306,0.683753808876187
"Realization (price)",12,"O_basicfoodbasket_Gtrends","Geopolitical",0.104333543983516,0.0627784546536256,-0.0187122271375896,0.227379315104623,0.0759814411737585,0.0642240999326394,0.23678242270243
"Realization (price)",13,"O_basicfoodbasket_Gtrends","Calm",0.0234915210714481,0.0120198908559955,-0.0000674650063030059,0.0470505071491993,NA,NA,NA
"Realization (price)",13,"O_basicfoodbasket_Gtrends","Pandemic",0.0400848326534717,0.0252017358069379,-0.00931056952812652,0.0894802348350699,0.0165933115820236,0.0285497525028858,0.561101054802844
"Realization (price)",13,"O_basicfoodbasket_Gtrends","Climate",0.0355986431633363,0.0655207299005045,-0.0928219874416525,0.164019273768325,0.0121071220918882,0.0659970228104093,0.854445324496302
"Realization (price)",13,"O_basicfoodbasket_Gtrends","Geopolitical",0.14576798639388,0.0442393410398882,0.0590588779556994,0.232477094832061,0.122276465322432,0.0433493379291945,0.00479155891150257
"Realization (price)",14,"O_basicfoodbasket_Gtrends","Calm",0.0304688870943517,0.0142476561517823,0.00254348103685851,0.058394293151845,NA,NA,NA
"Realization (price)",14,"O_basicfoodbasket_Gtrends","Pandemic",-0.00623592461815716,0.0465063744979803,-0.0973884186341986,0.0849165693978843,-0.0367048117125089,0.0476386282576384,0.441012707313418
"Realization (price)",14,"O_basicfoodbasket_Gtrends","Climate",-0.0142963056117423,0.053987256688384,-0.120111328720975,0.0915187174974903,-0.044765192706094,0.0547585673335483,0.413642082569607
"Realization (price)",14,"O_basicfoodbasket_Gtrends","Geopolitical",0.19463172154911,0.0530036692380103,0.0907445298426095,0.29851891325561,0.164162834454758,0.0535791862075356,0.0021845058384556
